{
  "project_info": {
    "project_number": "352460278161",
    "firebase_url": "https://myapplication-440b8-default-rtdb.firebaseio.com",
    "project_id": "myapplication-440b8",
    "storage_bucket": "myapplication-440b8.appspot.com"
  },
  "client": [
    {
      "client_info": {
        "mobilesdk_app_id": "1:352460278161:android:3cb7f069e811574e44f230",
        "android_client_info": {
          "package_name": "com.myapplication"
        }
      },
      "oauth_client": [
        {
          "client_id": "352460278161-sui5c6r3dbm55h4vjapk4238saj70pt1.apps.googleusercontent.com",
          "client_type": 3
        }
      ],
      "api_key": [
        {
          "current_key": "AIzaSyAS9npvu_ShAcpLbfFiI_L1Mj0HD7x3z5Y"
        }
      ],
      "services": {
        "appinvite_service": {
          "other_platform_oauth_client": [
            {
              "client_id": "352460278161-sui5c6r3dbm55h4vjapk4238saj70pt1.apps.googleusercontent.com",
              "client_type": 3
            }
          ]
        }
      }
    }
  ],
  "configuration_version": "1"
}